genre,name,reviews
Anime & Manga,Haikyuu!!,(48447)
Anime & Manga,Shingeki no Kyojin | Attack on Titan,(38471)
Anime & Manga,僕のヒーローアカデミア | Boku no Hero Academia | My Hero Academia,(35024)
Anime & Manga,Naruto,(34685)
Anime & Manga,Yuri!!! on Ice (Anime),(30984)
Books & Literature,Harry Potter - J. K. Rowling,(181027)
Books & Literature,Sherlock Holmes & Related Fandoms,(117023)
Books & Literature,Star Wars - All Media Types,(79296)
Books & Literature,TOLKIEN J. R. R. - Works & Related Fandoms,(56750)
Books & Literature,Dragon Age - All Media Types,(56499)
Cartoons & Comics & Graphic Novels,Marvel,(266244)
Cartoons & Comics & Graphic Novels,The Avengers - Ambiguous Fandom,(128493)
Cartoons & Comics & Graphic Novels,The Avengers (Marvel) - All Media Types,(125430)
Cartoons & Comics & Graphic Novels,DCU,(123115)
Cartoons & Comics & Graphic Novels,Star Wars - All Media Types,(79296)
Celebrities & Real People,Real Person Fiction,(195684)
Celebrities & Real People,Video Blogging RPF,(62752)
Celebrities & Real People,Actor RPF,(52949)
Celebrities & Real People,Bandom,(43898)
Celebrities & Real People,Sports RPF,(35384)
Movies,Marvel,(266244)
Movies,Marvel Cinematic Universe,(240839)
Movies,Harry Potter - J. K. Rowling,(181027)
Movies,The Avengers - Ambiguous Fandom,(128493)
Movies,The Avengers (Marvel) - All Media Types,(125430)
Music & Bands,K-pop,(170024)
Music & Bands,방탄소년단 | Bangtan Boys | BTS,(73674)
Music & Bands,One Direction (Band),(54724)
Music & Bands,Bandom,(43898)
Music & Bands,Music RPF,(40898)
Other Media,Star Wars - All Media Types,(79296)
Other Media,Doctor Who & Related Fandoms,(63155)
Other Media,Video Blogging RPF,(62752)
Other Media,Original Work,(48266)
Other Media,MS Paint Adventures,(46530)
Theater,Les Misérables - All Media Types,(18448)
Theater,Hamilton - Miranda,(15755)
Theater,Be More Chill - Iconis/Tracz,(5026)
Theater,Bishoujo Senshi Sailor Moon | Pretty Guardian Sailor Moon,(4120)
Theater,Dear Evan Hansen - Pasek & Paul/Levenson,(3569)
TV Shows,Marvel,(266244)
TV Shows,Marvel Cinematic Universe,(240839)
TV Shows,Supernatural,(190837)
TV Shows,The Avengers - Ambiguous Fandom,(128493)
TV Shows,DCU,(123115)
Video Games,Harry Potter - J. K. Rowling,(181027)
Video Games,Star Wars - All Media Types,(79296)
Video Games,Dragon Age - All Media Types,(56499)
Video Games,Dragon Age (Video Games),(49981)
Video Games,Final Fantasy,(33243)
Uncategorized Fandoms,septmingqi,septmingqi
Uncategorized Fandoms,金天天加油,金天天加油
Uncategorized Fandoms,Halfbreed - Fandom,Halfbreed - Fandom
Uncategorized Fandoms,赤魔法师,赤魔法师
Uncategorized Fandoms,黑白赤,黑白赤
